<?xml version='1.0' encoding='UTF-8'?>
<odoo>
  <record id="base.action_partner_supplier_form" model="ir.actions.act_window" context="{'studio': True}">
    <field name="auto_search" eval="True"/>
    <field name="binding_model_id" eval="False"/>
    <field name="binding_type">action</field>
    <field name="context">{'search_default_supplier': 1,'default_customer': 0,'default_supplier': 1, 'default_is_company': True}</field>
    <field name="domain">[]</field>
    <field name="filter" eval="True"/>
    <field name="groups_id" eval="[(6, 0, [])]"/>
    <field name="help"><![CDATA[<p class="o_view_nocontent_smiling_face">
                Create a new vendor in your address book
              </p><p>
                Odoo helps you easily track all activities related to a vendor.
              </p>
            ]]></field>
    <field name="limit">80</field>
    <field name="multi" eval="False"/>
    <field name="name">Vendors</field>
    <field name="res_model">res.partner</field>
    <field name="search_view_id" eval="False"/>
    <field name="src_model" eval="False"/>
    <field name="target">current</field>
    <field name="type">ir.actions.act_window</field>
    <field name="usage" eval="False"/>
    <field name="view_id" eval="False"/>
    <field name="view_mode">tree,kanban,form,activity</field>
    <field name="view_type">form</field>
  </record>
  <record id="contacts.action_contacts" model="ir.actions.act_window" context="{'studio': True}">
    <field name="auto_search" eval="True"/>
    <field name="binding_model_id" eval="False"/>
    <field name="binding_type">action</field>
    <field name="context">{}</field>
    <field name="domain" eval="False"/>
    <field name="filter" eval="False"/>
    <field name="groups_id" eval="[(6, 0, [])]"/>
    <field name="help"><![CDATA[<p class="o_view_nocontent_smiling_face">
            Create a contact in your address book
          </p><p>
            Odoo helps you to easily track all activities related to a customer.
          </p>
        ]]></field>
    <field name="limit">80</field>
    <field name="multi" eval="False"/>
    <field name="name">Contacts</field>
    <field name="res_model">res.partner</field>
    <field name="search_view_id" ref="base.view_res_partner_filter"/>
    <field name="src_model" eval="False"/>
    <field name="target">current</field>
    <field name="type">ir.actions.act_window</field>
    <field name="usage" eval="False"/>
    <field name="view_id" eval="False"/>
    <field name="view_mode">tree,kanban,form,activity</field>
    <field name="view_type">form</field>
  </record>
  <record id="point_of_sale.product_template_action_pos_product" model="ir.actions.act_window" context="{'studio': True}">
    <field name="auto_search" eval="True"/>
    <field name="binding_model_id" eval="False"/>
    <field name="binding_type">action</field>
    <field name="context">{'search_default_filter_to_availabe_pos': 1, 'default_available_in_pos': True}</field>
    <field name="domain" eval="False"/>
    <field name="filter" eval="False"/>
    <field name="groups_id" eval="[(6, 0, [])]"/>
    <field name="help" eval="False"/>
    <field name="limit">80</field>
    <field name="multi" eval="False"/>
    <field name="name">Products</field>
    <field name="res_model">product.template</field>
    <field name="search_view_id" eval="False"/>
    <field name="src_model" eval="False"/>
    <field name="target">current</field>
    <field name="type">ir.actions.act_window</field>
    <field name="usage" eval="False"/>
    <field name="view_id" eval="False"/>
    <field name="view_mode">tree,kanban,form,activity</field>
    <field name="view_type">form</field>
  </record>
  <record id="sale.product_template_action" model="ir.actions.act_window" context="{'studio': True}">
    <field name="auto_search" eval="True"/>
    <field name="binding_model_id" eval="False"/>
    <field name="binding_type">action</field>
    <field name="context">{"search_default_filter_to_sell":1, "sale_multi_pricelist_product_template": 1}</field>
    <field name="domain" eval="False"/>
    <field name="filter" eval="False"/>
    <field name="groups_id" eval="[(6, 0, [])]"/>
    <field name="help"><![CDATA[<p class="o_view_nocontent_smiling_face">
                    Create a new product
                </p><p>
                    You must define a product for everything you purchase,
                    whether it's a physical product, a consumable or services.
                </p>
            ]]></field>
    <field name="limit">80</field>
    <field name="multi" eval="False"/>
    <field name="name">Products</field>
    <field name="res_model">product.template</field>
    <field name="search_view_id" ref="product.product_template_search_view"/>
    <field name="src_model" eval="False"/>
    <field name="target">current</field>
    <field name="type">ir.actions.act_window</field>
    <field name="usage" eval="False"/>
    <field name="view_id" ref="product.product_template_kanban_view"/>
    <field name="view_mode">tree,kanban,form,activity</field>
    <field name="view_type">form</field>
  </record>
  <record id="sale.report_all_channels_sales_action" model="ir.actions.act_window" context="{'studio': True}">
    <field name="auto_search" eval="True"/>
    <field name="binding_model_id" eval="False"/>
    <field name="binding_type">action</field>
    <field name="context">{'search_default_team_id': 1, 'search_default_current_year': 1}</field>
    <field name="domain" eval="False"/>
    <field name="filter" eval="False"/>
    <field name="groups_id" eval="[(6, 0, [])]"/>
    <field name="help" eval="False"/>
    <field name="limit">80</field>
    <field name="multi" eval="False"/>
    <field name="name">Sales by Channel</field>
    <field name="res_model">report.all.channels.sales</field>
    <field name="search_view_id" ref="sale.report_all_channels_sales_view_search"/>
    <field name="src_model" eval="False"/>
    <field name="target">current</field>
    <field name="type">ir.actions.act_window</field>
    <field name="usage" eval="False"/>
    <field name="view_id" ref="sale.report_all_channels_sales_view_pivot"/>
    <field name="view_mode">tree,pivot</field>
    <field name="view_type">form</field>
  </record>
  <record id="sale_enterprise.sale_report_action_dashboard" model="ir.actions.act_window" context="{'studio': True}">
    <field name="auto_search" eval="True"/>
    <field name="binding_model_id" eval="False"/>
    <field name="binding_type">action</field>
    <field name="context">{'search_default_Sales': 1, 'time_ranges': {'field': 'confirmation_date', 'range': 'last_30_days'}}</field>
    <field name="domain" eval="False"/>
    <field name="filter" eval="False"/>
    <field name="groups_id" eval="[(6, 0, [])]"/>
    <field name="help" eval="False"/>
    <field name="limit">80</field>
    <field name="multi" eval="False"/>
    <field name="name">Sales Analysis</field>
    <field name="res_model">sale.report</field>
    <field name="search_view_id" ref="sale.view_order_product_search"/>
    <field name="src_model" eval="False"/>
    <field name="target">current</field>
    <field name="type">ir.actions.act_window</field>
    <field name="usage" eval="False"/>
    <field name="view_id" eval="False"/>
    <field name="view_mode">pivot,dashboard,graph,tree</field>
    <field name="view_type">form</field>
  </record>
  <record id="stock.product_template_action_product" model="ir.actions.act_window" context="{'studio': True}">
    <field name="auto_search" eval="True"/>
    <field name="binding_model_id" eval="False"/>
    <field name="binding_type">action</field>
    <field name="context">{"search_default_consumable": 1, 'default_type': 'product'}</field>
    <field name="domain" eval="False"/>
    <field name="filter" eval="False"/>
    <field name="groups_id" eval="[(6, 0, [])]"/>
    <field name="help"><![CDATA[<p class="o_view_nocontent_smiling_face">
                Create a new product
            </p>
        ]]></field>
    <field name="limit">80</field>
    <field name="multi" eval="False"/>
    <field name="name">Products</field>
    <field name="res_model">product.template</field>
    <field name="search_view_id" ref="stock.product_template_search_form_view_stock"/>
    <field name="src_model" eval="False"/>
    <field name="target">current</field>
    <field name="type">ir.actions.act_window</field>
    <field name="usage" eval="False"/>
    <field name="view_id" eval="False"/>
    <field name="view_mode">tree,kanban,form</field>
    <field name="view_type">form</field>
  </record>
  <record id="studio_customization.inventory_quantity_59793985-38a2-48a8-8f5e-de8a2a2bc967" model="ir.actions.act_window" context="{'studio': True}">
    <field name="auto_search" eval="True"/>
    <field name="binding_model_id" eval="False"/>
    <field name="binding_type">action</field>
    <field name="context">{}</field>
    <field name="domain" eval="False"/>
    <field name="filter" eval="False"/>
    <field name="groups_id" eval="[(6, 0, [])]"/>
    <field name="help"><![CDATA[<p class="o_view_nocontent_smiling_face">
                        This is your new action ; by default, it contains a list view and a form view.
                    </p>
                    <p>
                        You can start customizing these screens by clicking on the Studio icon on the
                        top right corner (you can also customize this help message there).
                    </p>
                ]]></field>
    <field name="limit">80</field>
    <field name="multi" eval="False"/>
    <field name="name">Inventory Quantity</field>
    <field name="res_model">stock.inventory.line</field>
    <field name="search_view_id" eval="False"/>
    <field name="src_model" eval="False"/>
    <field name="target">current</field>
    <field name="type">ir.actions.act_window</field>
    <field name="usage" eval="False"/>
    <field name="view_id" eval="False"/>
    <field name="view_mode">tree,form</field>
    <field name="view_type">form</field>
  </record>
  <record id="studio_customization.product_product_81d3ba50-db4a-43a2-a042-79bf728835d8" model="ir.actions.act_window" context="{'studio': True}">
    <field name="auto_search" eval="True"/>
    <field name="binding_model_id" eval="False"/>
    <field name="binding_type">action</field>
    <field name="context">{}</field>
    <field name="domain" eval="False"/>
    <field name="filter" eval="False"/>
    <field name="groups_id" eval="[(6, 0, [])]"/>
    <field name="help"><![CDATA[<p class="o_view_nocontent_smiling_face">
                        This is your new action ; by default, it contains a list view and a form view.
                    </p>
                    <p>
                        You can start customizing these screens by clicking on the Studio icon on the
                        top right corner (you can also customize this help message there).
                    </p>
                ]]></field>
    <field name="limit">80</field>
    <field name="multi" eval="False"/>
    <field name="name">Product.Product</field>
    <field name="res_model">product.product</field>
    <field name="search_view_id" eval="False"/>
    <field name="src_model" eval="False"/>
    <field name="target">current</field>
    <field name="type">ir.actions.act_window</field>
    <field name="usage" eval="False"/>
    <field name="view_id" eval="False"/>
    <field name="view_mode">tree,form</field>
    <field name="view_type">form</field>
  </record>
  <record id="studio_customization.product_product_99648074-d8d7-4a80-9f0d-e64cec2575a4" model="ir.actions.act_window" context="{'studio': True}">
    <field name="auto_search" eval="True"/>
    <field name="binding_model_id" eval="False"/>
    <field name="binding_type">action</field>
    <field name="context">{}</field>
    <field name="domain" eval="False"/>
    <field name="filter" eval="False"/>
    <field name="groups_id" eval="[(6, 0, [])]"/>
    <field name="help"><![CDATA[<p class="o_view_nocontent_smiling_face">
                        This is your new action ; by default, it contains a list view and a form view.
                    </p>
                    <p>
                        You can start customizing these screens by clicking on the Studio icon on the
                        top right corner (you can also customize this help message there).
                    </p>
                ]]></field>
    <field name="limit">80</field>
    <field name="multi" eval="False"/>
    <field name="name">Product.Product</field>
    <field name="res_model">product.product</field>
    <field name="search_view_id" eval="False"/>
    <field name="src_model" eval="False"/>
    <field name="target">current</field>
    <field name="type">ir.actions.act_window</field>
    <field name="usage" eval="False"/>
    <field name="view_id" eval="False"/>
    <field name="view_mode">tree,form</field>
    <field name="view_type">form</field>
  </record>
  <record id="studio_customization.quantity_update_d37b3ad3-c4fb-4f6e-a213-eee3ba7b0c03" model="ir.actions.act_window" context="{'studio': True}">
    <field name="auto_search" eval="True"/>
    <field name="binding_model_id" eval="False"/>
    <field name="binding_type">action</field>
    <field name="context">{}</field>
    <field name="domain" eval="False"/>
    <field name="filter" eval="False"/>
    <field name="groups_id" eval="[(6, 0, [])]"/>
    <field name="help"><![CDATA[<p class="o_view_nocontent_smiling_face">
                        This is your new action ; by default, it contains a list view and a form view.
                    </p>
                    <p>
                        You can start customizing these screens by clicking on the Studio icon on the
                        top right corner (you can also customize this help message there).
                    </p>
                ]]></field>
    <field name="limit">80</field>
    <field name="multi" eval="False"/>
    <field name="name">Quantity Update</field>
    <field name="res_model">stock.inventory.line</field>
    <field name="search_view_id" eval="False"/>
    <field name="src_model" eval="False"/>
    <field name="target">current</field>
    <field name="type">ir.actions.act_window</field>
    <field name="usage" eval="False"/>
    <field name="view_id" eval="False"/>
    <field name="view_mode">tree,form</field>
    <field name="view_type">form</field>
  </record>
  <record id="studio_customization.quants_45cbad62-0831-44a4-b366-0f4c63f11a11" model="ir.actions.act_window" context="{'studio': True}">
    <field name="auto_search" eval="True"/>
    <field name="binding_model_id" eval="False"/>
    <field name="binding_type">action</field>
    <field name="context">{}</field>
    <field name="domain" eval="False"/>
    <field name="filter" eval="False"/>
    <field name="groups_id" eval="[(6, 0, [])]"/>
    <field name="help"><![CDATA[<p class="o_view_nocontent_smiling_face">
                        This is your new action ; by default, it contains a list view and a form view.
                    </p>
                    <p>
                        You can start customizing these screens by clicking on the Studio icon on the
                        top right corner (you can also customize this help message there).
                    </p>
                ]]></field>
    <field name="limit">80</field>
    <field name="multi" eval="False"/>
    <field name="name">Quants</field>
    <field name="res_model">stock.quant</field>
    <field name="search_view_id" eval="False"/>
    <field name="src_model" eval="False"/>
    <field name="target">current</field>
    <field name="type">ir.actions.act_window</field>
    <field name="usage" eval="False"/>
    <field name="view_id" eval="False"/>
    <field name="view_mode">tree,form</field>
    <field name="view_type">form</field>
  </record>
</odoo>
