<?xml version='1.0' encoding='UTF-8'?>
<odoo>
  <record id="base.action_partner_vendor_form_view1" model="ir.actions.act_window.view" context="{'studio': True}">
    <field name="act_window_id" ref="base.action_partner_supplier_form"/>
    <field name="multi" eval="False"/>
    <field name="sequence">1</field>
    <field name="view_id" ref="base.res_partner_kanban_view"/>
    <field name="view_mode">kanban</field>
  </record>
  <record id="contacts.action_contacts_view_kanban" model="ir.actions.act_window.view" context="{'studio': True}">
    <field name="act_window_id" ref="contacts.action_contacts"/>
    <field name="multi" eval="False"/>
    <field name="sequence">1</field>
    <field name="view_id" ref="base.res_partner_kanban_view"/>
    <field name="view_mode">kanban</field>
  </record>
  <record id="contacts.action_contacts_view_tree" model="ir.actions.act_window.view" context="{'studio': True}">
    <field name="act_window_id" ref="contacts.action_contacts"/>
    <field name="multi" eval="False"/>
    <field name="sequence" eval="False"/>
    <field name="view_id" ref="base.view_partner_tree"/>
    <field name="view_mode">tree</field>
  </record>
  <record id="base.action_partner_vendor_form_view2" model="ir.actions.act_window.view" context="{'studio': True}">
    <field name="act_window_id" ref="base.action_partner_supplier_form"/>
    <field name="multi" eval="False"/>
    <field name="sequence" eval="False"/>
    <field name="view_id" ref="base.view_partner_tree"/>
    <field name="view_mode">tree</field>
  </record>
  <record id="base.action_partner_vendor_form_view3" model="ir.actions.act_window.view" context="{'studio': True}">
    <field name="act_window_id" ref="base.action_partner_supplier_form"/>
    <field name="multi" eval="False"/>
    <field name="sequence">2</field>
    <field name="view_id" ref="base.view_partner_form"/>
    <field name="view_mode">form</field>
  </record>
  <record id="contacts.action_contacts_view_form" model="ir.actions.act_window.view" context="{'studio': True}">
    <field name="act_window_id" ref="contacts.action_contacts"/>
    <field name="multi" eval="False"/>
    <field name="sequence">2</field>
    <field name="view_id" ref="base.view_partner_form"/>
    <field name="view_mode">form</field>
  </record>
  <record id="studio_customization.false_ba81f492-f750-4243-bcb8-384c3cda5d86" model="ir.actions.act_window.view" context="{'studio': True}">
    <field name="act_window_id" ref="contacts.action_contacts"/>
    <field name="multi" eval="False"/>
    <field name="sequence">3</field>
    <field name="view_id" eval="False"/>
    <field name="view_mode">activity</field>
  </record>
  <record id="studio_customization.report_all_channels__5d77c29e-9256-4dae-8053-771c6ca78bd2" model="ir.actions.act_window.view" context="{'studio': True}">
    <field name="act_window_id" ref="sale.report_all_channels_sales_action"/>
    <field name="multi" eval="False"/>
    <field name="sequence">1</field>
    <field name="view_id" ref="sale.report_all_channels_sales_view_pivot"/>
    <field name="view_mode">pivot</field>
  </record>
  <record id="studio_customization.false_e0032fe8-1c46-4323-8014-ba77ba5832a6" model="ir.actions.act_window.view" context="{'studio': True}">
    <field name="act_window_id" ref="sale.report_all_channels_sales_action"/>
    <field name="multi" eval="False"/>
    <field name="sequence" eval="False"/>
    <field name="view_id" eval="False"/>
    <field name="view_mode">tree</field>
  </record>
  <record id="studio_customization.false_425ff7ac-2e22-4b83-bd7e-d2d745628835" model="ir.actions.act_window.view" context="{'studio': True}">
    <field name="act_window_id" ref="base.action_partner_supplier_form"/>
    <field name="multi" eval="False"/>
    <field name="sequence">3</field>
    <field name="view_id" eval="False"/>
    <field name="view_mode">activity</field>
  </record>
  <record id="studio_customization.false_cfdcb377-36f8-49c3-9465-888da11ffee7" model="ir.actions.act_window.view" context="{'studio': True}">
    <field name="act_window_id" ref="sale.product_template_action"/>
    <field name="multi" eval="False"/>
    <field name="sequence" eval="False"/>
    <field name="view_id" eval="False"/>
    <field name="view_mode">tree</field>
  </record>
  <record id="studio_customization.product_template_pro_1b4de5b8-0fdc-4def-b8a8-aacc447d5cfa" model="ir.actions.act_window.view" context="{'studio': True}">
    <field name="act_window_id" ref="sale.product_template_action"/>
    <field name="multi" eval="False"/>
    <field name="sequence">1</field>
    <field name="view_id" ref="product.product_template_kanban_view"/>
    <field name="view_mode">kanban</field>
  </record>
  <record id="studio_customization.false_c2e29459-7134-4bce-bd69-a418cc627bb8" model="ir.actions.act_window.view" context="{'studio': True}">
    <field name="act_window_id" ref="sale.product_template_action"/>
    <field name="multi" eval="False"/>
    <field name="sequence">2</field>
    <field name="view_id" eval="False"/>
    <field name="view_mode">form</field>
  </record>
  <record id="studio_customization.false_0eb9a01e-13f1-4a8f-a1dd-1502578f1a6e" model="ir.actions.act_window.view" context="{'studio': True}">
    <field name="act_window_id" ref="sale.product_template_action"/>
    <field name="multi" eval="False"/>
    <field name="sequence">3</field>
    <field name="view_id" eval="False"/>
    <field name="view_mode">activity</field>
  </record>
  <record id="sale_enterprise.sale_report_action_dashboard_pivot" model="ir.actions.act_window.view" context="{'studio': True}">
    <field name="act_window_id" ref="sale_enterprise.sale_report_action_dashboard"/>
    <field name="multi" eval="False"/>
    <field name="sequence" eval="False"/>
    <field name="view_id" ref="sale_enterprise.sale_report_view_pivot"/>
    <field name="view_mode">pivot</field>
  </record>
  <record id="sale_enterprise.sale_report_action_dashboard_dashboard" model="ir.actions.act_window.view" context="{'studio': True}">
    <field name="act_window_id" ref="sale_enterprise.sale_report_action_dashboard"/>
    <field name="multi" eval="False"/>
    <field name="sequence">1</field>
    <field name="view_id" ref="sale_enterprise.sale_report_view_dashboard"/>
    <field name="view_mode">dashboard</field>
  </record>
  <record id="sale_enterprise.sale_report_action_dashboard_graph" model="ir.actions.act_window.view" context="{'studio': True}">
    <field name="act_window_id" ref="sale_enterprise.sale_report_action_dashboard"/>
    <field name="multi" eval="False"/>
    <field name="sequence">2</field>
    <field name="view_id" ref="sale.view_order_product_graph"/>
    <field name="view_mode">graph</field>
  </record>
  <record id="studio_customization.false_c74c8a4d-ba58-4a43-8e2a-da5986910eb4" model="ir.actions.act_window.view" context="{'studio': True}">
    <field name="act_window_id" ref="sale_enterprise.sale_report_action_dashboard"/>
    <field name="multi" eval="False"/>
    <field name="sequence">3</field>
    <field name="view_id" eval="False"/>
    <field name="view_mode">tree</field>
  </record>
</odoo>
