<?xml version='1.0' encoding='UTF-8'?>
<odoo>
  <record id="studio_customization.new_selection_res_pa_ddddccb6-7580-4258-aaf9-06d5410700eb" model="ir.model.fields" context="{'studio': True}">
    <field name="complete_name" eval="False"/>
    <field name="compute" eval="False"/>
    <field name="copied" eval="False"/>
    <field name="depends" eval="False"/>
    <field name="domain">[]</field>
    <field name="field_description">Customer Type</field>
    <field name="groups" eval="[(6, 0, [])]"/>
    <field name="help" eval="False"/>
    <field name="index" eval="False"/>
    <field name="model">res.partner</field>
    <field name="model_id" ref="base.model_res_partner"/>
    <field name="name">x_studio_customer_type</field>
    <field name="on_delete" eval="False"/>
    <field name="readonly" eval="False"/>
    <field name="related" eval="False"/>
    <field name="relation" eval="False"/>
    <field name="relation_field" eval="False"/>
    <field name="relation_table" eval="False"/>
    <field name="required" eval="False"/>
    <field name="selectable" eval="True"/>
    <field name="selection">[["Commercial","Commercial"],["Bincom","Bincom"],["PoS","PoS"]]</field>
    <field name="size" eval="False"/>
    <field name="state">manual</field>
    <field name="store" eval="True"/>
    <field name="track_visibility" eval="False"/>
    <field name="translate" eval="False"/>
    <field name="ttype">selection</field>
  </record>
  <record id="studio_customization.new_checkbox_res_par_78ef316f-3b30-45c5-b765-2c85b2dd3b1f" model="ir.model.fields" context="{'studio': True}">
    <field name="complete_name" eval="False"/>
    <field name="compute" eval="False"/>
    <field name="copied" eval="False"/>
    <field name="depends" eval="False"/>
    <field name="domain">[]</field>
    <field name="field_description">Purchase Order Required</field>
    <field name="groups" eval="[(6, 0, [])]"/>
    <field name="help"><![CDATA[Check box if company requires the use of a purchase order number to make an order.]]></field>
    <field name="index" eval="False"/>
    <field name="model">res.partner</field>
    <field name="model_id" ref="base.model_res_partner"/>
    <field name="name">x_studio_purchase_order_required</field>
    <field name="on_delete" eval="False"/>
    <field name="readonly" eval="False"/>
    <field name="related" eval="False"/>
    <field name="relation" eval="False"/>
    <field name="relation_field" eval="False"/>
    <field name="relation_table" eval="False"/>
    <field name="required" eval="False"/>
    <field name="selectable" eval="True"/>
    <field name="selection" eval="False"/>
    <field name="size" eval="False"/>
    <field name="state">manual</field>
    <field name="store" eval="True"/>
    <field name="track_visibility" eval="False"/>
    <field name="translate" eval="False"/>
    <field name="ttype">boolean</field>
  </record>
  <record id="studio_customization.new_checkbox_sale_or_1dcfe349-ec9f-4e04-9172-8782b7135d4a" model="ir.model.fields" context="{'studio': True}">
    <field name="complete_name" eval="False"/>
    <field name="compute" eval="False"/>
    <field name="copied" eval="False"/>
    <field name="depends" eval="False"/>
    <field name="domain">[]</field>
    <field name="field_description">Purchase Order Required</field>
    <field name="groups" eval="[(6, 0, [])]"/>
    <field name="help"><![CDATA[Check box if company requires the use of a purchase order number to make an order.]]></field>
    <field name="index" eval="False"/>
    <field name="model">sale.order</field>
    <field name="model_id" ref="sale.model_sale_order"/>
    <field name="name">x_studio_purchase_order_required</field>
    <field name="on_delete" eval="False"/>
    <field name="readonly" eval="True"/>
    <field name="related">partner_id.x_studio_purchase_order_required</field>
    <field name="relation" eval="False"/>
    <field name="relation_field" eval="False"/>
    <field name="relation_table" eval="False"/>
    <field name="required" eval="False"/>
    <field name="selectable" eval="True"/>
    <field name="selection" eval="False"/>
    <field name="size" eval="False"/>
    <field name="state">manual</field>
    <field name="store" eval="True"/>
    <field name="track_visibility" eval="False"/>
    <field name="translate" eval="False"/>
    <field name="ttype">boolean</field>
  </record>
  <record id="studio_customization.new_text_sale_order_bf9ebabb-aaf3-42c4-8fff-356efb42458e" model="ir.model.fields" context="{'studio': True}">
    <field name="complete_name" eval="False"/>
    <field name="compute" eval="False"/>
    <field name="copied" eval="False"/>
    <field name="depends" eval="False"/>
    <field name="domain">[]</field>
    <field name="field_description">Ordered By</field>
    <field name="groups" eval="[(6, 0, [])]"/>
    <field name="help" eval="False"/>
    <field name="index" eval="False"/>
    <field name="model">sale.order</field>
    <field name="model_id" ref="sale.model_sale_order"/>
    <field name="name">x_studio_ordered_by</field>
    <field name="on_delete" eval="False"/>
    <field name="readonly" eval="False"/>
    <field name="related" eval="False"/>
    <field name="relation" eval="False"/>
    <field name="relation_field" eval="False"/>
    <field name="relation_table" eval="False"/>
    <field name="required" eval="False"/>
    <field name="selectable" eval="True"/>
    <field name="selection" eval="False"/>
    <field name="size" eval="False"/>
    <field name="state">manual</field>
    <field name="store" eval="True"/>
    <field name="track_visibility" eval="False"/>
    <field name="translate" eval="False"/>
    <field name="ttype">char</field>
  </record>
  <record id="studio_customization.sales_team_email_sal_e9b3c78d-64b0-4d6d-b4ee-ab1f15b3f864" model="ir.model.fields" context="{'studio': True}">
    <field name="complete_name" eval="False"/>
    <field name="compute" eval="False"/>
    <field name="copied" eval="False"/>
    <field name="depends" eval="False"/>
    <field name="domain">[]</field>
    <field name="field_description">Sales Team Email</field>
    <field name="groups" eval="[(6, 0, [])]"/>
    <field name="help"><![CDATA[Sets the contact email for the sales team on the quote or invoice]]></field>
    <field name="index" eval="False"/>
    <field name="model">sale.order</field>
    <field name="model_id" ref="sale.model_sale_order"/>
    <field name="name">x_studio_sales_team_email</field>
    <field name="on_delete" eval="False"/>
    <field name="readonly" eval="True"/>
    <field name="related">team_id.x_studio_team_email</field>
    <field name="relation" eval="False"/>
    <field name="relation_field" eval="False"/>
    <field name="relation_table" eval="False"/>
    <field name="required" eval="False"/>
    <field name="selectable" eval="True"/>
    <field name="selection">[["charts@binnacle.com","charts@binnacle.com"],["info@binnacle.com","info@binnacle.com"],["electronics@binnacle.com","electronics@binnacle.com"],["store@binnacle.com","store@binnacle.com"]]</field>
    <field name="size" eval="False"/>
    <field name="state">manual</field>
    <field name="store" eval="True"/>
    <field name="track_visibility" eval="False"/>
    <field name="translate" eval="False"/>
    <field name="ttype">selection</field>
  </record>
  <record id="studio_customization.new_selection_res_pa_d13ef15f-7cc3-41cb-9000-5e9ae2d7a3fc" model="ir.model.fields" context="{'studio': True}">
    <field name="complete_name" eval="False"/>
    <field name="compute" eval="False"/>
    <field name="copied" eval="False"/>
    <field name="depends" eval="False"/>
    <field name="domain">[]</field>
    <field name="field_description">Vendor Ship Via</field>
    <field name="groups" eval="[(6, 0, [])]"/>
    <field name="help" eval="False"/>
    <field name="index" eval="False"/>
    <field name="model">res.partner</field>
    <field name="model_id" ref="base.model_res_partner"/>
    <field name="name">x_studio_vendor_ship_via</field>
    <field name="on_delete" eval="False"/>
    <field name="readonly" eval="False"/>
    <field name="related" eval="False"/>
    <field name="relation" eval="False"/>
    <field name="relation_field" eval="False"/>
    <field name="relation_table" eval="False"/>
    <field name="required" eval="False"/>
    <field name="selectable" eval="True"/>
    <field name="selection">[["PICK UP","PICK UP"],["UPS","UPS"],["UPS EXPRESS","UPS EXPRESS"],["PUROLATOR","PUROLATOR"],["FEDEX","FEDEX"],["CANADA POST","CANADA POST"],["MIDLAND","MIDLAND"],["MIDLAND 3RD PARTY","MIDLAND 3RD PARTY"],["MIDLAND COLLECT","MIDLAND COLLECT"],["SURE","SURE"],["SURE COLLECT","SURE COLLECT"],["O&amp;S","O&amp;S"],["BINNACLE DELIVERY","BINNACLE DELIVERY"],["MARITIME BUS","MARITIME BUS"],["MBW","MBW"],["MBW COLLECT","MBW COLLECT"],["PUROLATOR AIR","PUROLATOR AIR"],["UPS COLLECT","UPS COLLECT"],["SAMEDAY COLLECT","SAMEDAY COLLECT"],["LOOMIS COLLECT","LOOMIS COLLECT"],["3 DAY SELECT","3 DAY SELECT"],["EXPRESS SHIPPING","EXPRESS SHIPPING"],["COMMON CARRIER","COMMON CARRIER"],["INTERMODAL","INTERMODAL"],["BEST WAY","BEST WAY"],["EMAIL DELIVERY","EMAIL DELIVERY"],["AIR CANADA","AIR CANADA"]]</field>
    <field name="size" eval="False"/>
    <field name="state">manual</field>
    <field name="store" eval="True"/>
    <field name="track_visibility" eval="False"/>
    <field name="translate" eval="False"/>
    <field name="ttype">selection</field>
  </record>
  <record id="studio_customization.new_related_field_pr_ec54d32d-5e17-4e10-ba06-555344ec5b5a" model="ir.model.fields" context="{'studio': True}">
    <field name="complete_name" eval="False"/>
    <field name="compute" eval="False"/>
    <field name="copied" eval="False"/>
    <field name="depends" eval="False"/>
    <field name="domain">[]</field>
    <field name="field_description">New Related Field</field>
    <field name="groups" eval="[(6, 0, [])]"/>
    <field name="help" eval="False"/>
    <field name="index" eval="False"/>
    <field name="model">product.template</field>
    <field name="model_id" ref="product.model_product_template"/>
    <field name="name">x_studio_field_j2npt</field>
    <field name="on_delete" eval="False"/>
    <field name="readonly" eval="True"/>
    <field name="related">product_variant_id.sales_count</field>
    <field name="relation" eval="False"/>
    <field name="relation_field" eval="False"/>
    <field name="relation_table" eval="False"/>
    <field name="required" eval="False"/>
    <field name="selectable" eval="False"/>
    <field name="selection" eval="False"/>
    <field name="size" eval="False"/>
    <field name="state">manual</field>
    <field name="store" eval="False"/>
    <field name="track_visibility" eval="False"/>
    <field name="translate" eval="False"/>
    <field name="ttype">float</field>
  </record>
  <record id="studio_customization.new_date_product_tem_bcb9491c-9927-4edb-8c74-9c8f1bc42da3" model="ir.model.fields" context="{'studio': True}">
    <field name="complete_name" eval="False"/>
    <field name="compute" eval="False"/>
    <field name="copied" eval="False"/>
    <field name="depends" eval="False"/>
    <field name="domain">[]</field>
    <field name="field_description">New Date</field>
    <field name="groups" eval="[(6, 0, [])]"/>
    <field name="help" eval="False"/>
    <field name="index" eval="False"/>
    <field name="model">product.template</field>
    <field name="model_id" ref="product.model_product_template"/>
    <field name="name">x_studio_field_UNx6R</field>
    <field name="on_delete" eval="False"/>
    <field name="readonly" eval="False"/>
    <field name="related" eval="False"/>
    <field name="relation" eval="False"/>
    <field name="relation_field" eval="False"/>
    <field name="relation_table" eval="False"/>
    <field name="required" eval="False"/>
    <field name="selectable" eval="True"/>
    <field name="selection" eval="False"/>
    <field name="size" eval="False"/>
    <field name="state">manual</field>
    <field name="store" eval="True"/>
    <field name="track_visibility" eval="False"/>
    <field name="translate" eval="False"/>
    <field name="ttype">date</field>
  </record>
  <record id="studio_customization.sales_analysis_repor_8f59ff00-e5a6-4c22-b365-0f17688053a7" model="ir.model.fields" context="{'studio': True}">
    <field name="complete_name" eval="False"/>
    <field name="compute" eval="False"/>
    <field name="copied" eval="False"/>
    <field name="depends" eval="False"/>
    <field name="domain">[]</field>
    <field name="field_description">Sales Analysis Report</field>
    <field name="groups" eval="[(6, 0, [])]"/>
    <field name="help" eval="False"/>
    <field name="index" eval="False"/>
    <field name="model">product.template</field>
    <field name="model_id" ref="product.model_product_template"/>
    <field name="name">x_studio_field_wMdVn</field>
    <field name="on_delete">set null</field>
    <field name="readonly" eval="False"/>
    <field name="related" eval="False"/>
    <field name="relation">sale.report</field>
    <field name="relation_field" eval="False"/>
    <field name="relation_table" eval="False"/>
    <field name="required" eval="False"/>
    <field name="selectable" eval="True"/>
    <field name="selection" eval="False"/>
    <field name="size" eval="False"/>
    <field name="state">manual</field>
    <field name="store" eval="True"/>
    <field name="track_visibility" eval="False"/>
    <field name="translate" eval="False"/>
    <field name="ttype">many2one</field>
  </record>
  <record id="studio_customization.sales_analysis_repor_7cf57ab1-3908-42ce-9e24-c8d14555704e" model="ir.model.fields" context="{'studio': True}">
    <field name="complete_name" eval="False"/>
    <field name="compute" eval="False"/>
    <field name="copied" eval="False"/>
    <field name="depends" eval="False"/>
    <field name="domain">[]</field>
    <field name="field_description">Sales Analysis Report</field>
    <field name="groups" eval="[(6, 0, [])]"/>
    <field name="help" eval="False"/>
    <field name="index" eval="False"/>
    <field name="model">product.template</field>
    <field name="model_id" ref="product.model_product_template"/>
    <field name="name">x_studio_field_uT7SP</field>
    <field name="on_delete" eval="False"/>
    <field name="readonly" eval="False"/>
    <field name="related" eval="False"/>
    <field name="relation">sale.report</field>
    <field name="relation_field" eval="False"/>
    <field name="relation_table">x_product_template_sale_report_rel</field>
    <field name="required" eval="False"/>
    <field name="selectable" eval="True"/>
    <field name="selection" eval="False"/>
    <field name="size" eval="False"/>
    <field name="state">manual</field>
    <field name="store" eval="True"/>
    <field name="track_visibility" eval="False"/>
    <field name="translate" eval="False"/>
    <field name="ttype">many2many</field>
  </record>
  <record id="studio_customization.new_text_sale_order_6785510a-9419-421a-bde1-ed0ae8155792" model="ir.model.fields" context="{'studio': True}">
    <field name="complete_name" eval="False"/>
    <field name="compute" eval="False"/>
    <field name="copied" eval="False"/>
    <field name="depends" eval="False"/>
    <field name="domain">[]</field>
    <field name="field_description">Order Book Ref.</field>
    <field name="groups" eval="[(6, 0, [])]"/>
    <field name="help" eval="False"/>
    <field name="index" eval="False"/>
    <field name="model">sale.order</field>
    <field name="model_id" ref="sale.model_sale_order"/>
    <field name="name">x_studio_sales_order</field>
    <field name="on_delete" eval="False"/>
    <field name="readonly" eval="False"/>
    <field name="related" eval="False"/>
    <field name="relation" eval="False"/>
    <field name="relation_field" eval="False"/>
    <field name="relation_table" eval="False"/>
    <field name="required" eval="False"/>
    <field name="selectable" eval="True"/>
    <field name="selection" eval="False"/>
    <field name="size" eval="False"/>
    <field name="state">manual</field>
    <field name="store" eval="True"/>
    <field name="track_visibility" eval="False"/>
    <field name="translate" eval="False"/>
    <field name="ttype">char</field>
  </record>
  <record id="studio_customization.sale_order_account_i_646e7c55-29fd-40cc-a8c1-7d90535d9de8" model="ir.model.fields" context="{'studio': True}">
    <field name="complete_name" eval="False"/>
    <field name="compute" eval="False"/>
    <field name="copied" eval="False"/>
    <field name="depends" eval="False"/>
    <field name="domain">[]</field>
    <field name="field_description">Sale Order</field>
    <field name="groups" eval="[(6, 0, [])]"/>
    <field name="help" eval="False"/>
    <field name="index" eval="False"/>
    <field name="model">account.invoice</field>
    <field name="model_id" ref="account.model_account_invoice"/>
    <field name="name">x_studio_sale_order</field>
    <field name="on_delete">set null</field>
    <field name="readonly" eval="False"/>
    <field name="related" eval="False"/>
    <field name="relation">sale.order</field>
    <field name="relation_field" eval="False"/>
    <field name="relation_table" eval="False"/>
    <field name="required" eval="False"/>
    <field name="selectable" eval="True"/>
    <field name="selection" eval="False"/>
    <field name="size" eval="False"/>
    <field name="state">manual</field>
    <field name="store" eval="True"/>
    <field name="track_visibility" eval="False"/>
    <field name="translate" eval="False"/>
    <field name="ttype">many2one</field>
  </record>
  <record id="studio_customization.new_related_field_ac_004fa410-9025-40d1-ac70-8e466442b681" model="ir.model.fields" context="{'studio': True}">
    <field name="complete_name" eval="False"/>
    <field name="compute" eval="False"/>
    <field name="copied" eval="False"/>
    <field name="depends" eval="False"/>
    <field name="domain">[]</field>
    <field name="field_description">Sale Order Ref</field>
    <field name="groups" eval="[(6, 0, [])]"/>
    <field name="help" eval="False"/>
    <field name="index" eval="False"/>
    <field name="model">account.invoice</field>
    <field name="model_id" ref="account.model_account_invoice"/>
    <field name="name">x_studio_sale_order_ref</field>
    <field name="on_delete" eval="False"/>
    <field name="readonly" eval="True"/>
    <field name="related">x_studio_sale_order.x_studio_sales_order</field>
    <field name="relation" eval="False"/>
    <field name="relation_field" eval="False"/>
    <field name="relation_table" eval="False"/>
    <field name="required" eval="False"/>
    <field name="selectable" eval="True"/>
    <field name="selection" eval="False"/>
    <field name="size" eval="False"/>
    <field name="state">manual</field>
    <field name="store" eval="True"/>
    <field name="track_visibility" eval="False"/>
    <field name="translate" eval="False"/>
    <field name="ttype">char</field>
  </record>
  <record id="studio_customization.new_related_field_ac_b76c200f-f6ab-43fc-ae30-7733d5208355" model="ir.model.fields" context="{'studio': True}">
    <field name="complete_name" eval="False"/>
    <field name="compute" eval="False"/>
    <field name="copied" eval="False"/>
    <field name="depends" eval="False"/>
    <field name="domain">[]</field>
    <field name="field_description">New Related Field</field>
    <field name="groups" eval="[(6, 0, [])]"/>
    <field name="help" eval="False"/>
    <field name="index" eval="False"/>
    <field name="model">account.invoice</field>
    <field name="model_id" ref="account.model_account_invoice"/>
    <field name="name">x_studio_field_Uc4Sg</field>
    <field name="on_delete" eval="False"/>
    <field name="readonly" eval="True"/>
    <field name="related">x_studio_sale_order.name</field>
    <field name="relation" eval="False"/>
    <field name="relation_field" eval="False"/>
    <field name="relation_table" eval="False"/>
    <field name="required" eval="False"/>
    <field name="selectable" eval="True"/>
    <field name="selection" eval="False"/>
    <field name="size" eval="False"/>
    <field name="state">manual</field>
    <field name="store" eval="True"/>
    <field name="track_visibility" eval="False"/>
    <field name="translate" eval="False"/>
    <field name="ttype">char</field>
  </record>
  <record id="studio_customization.sale_order_account_i_f4afbf7f-bbc1-4064-bb8a-fbf87e722d10" model="ir.model.fields" context="{'studio': True}">
    <field name="complete_name" eval="False"/>
    <field name="compute" eval="False"/>
    <field name="copied" eval="False"/>
    <field name="depends" eval="False"/>
    <field name="domain">[]</field>
    <field name="field_description">Sale Order</field>
    <field name="groups" eval="[(6, 0, [])]"/>
    <field name="help" eval="False"/>
    <field name="index" eval="False"/>
    <field name="model">account.invoice</field>
    <field name="model_id" ref="account.model_account_invoice"/>
    <field name="name">x_studio_field_6FUqf</field>
    <field name="on_delete" eval="False"/>
    <field name="readonly" eval="False"/>
    <field name="related" eval="False"/>
    <field name="relation">sale.order</field>
    <field name="relation_field" eval="False"/>
    <field name="relation_table">x_account_invoice_sale_order_rel</field>
    <field name="required" eval="False"/>
    <field name="selectable" eval="True"/>
    <field name="selection" eval="False"/>
    <field name="size" eval="False"/>
    <field name="state">manual</field>
    <field name="store" eval="True"/>
    <field name="track_visibility" eval="False"/>
    <field name="translate" eval="False"/>
    <field name="ttype">many2many</field>
  </record>
  <record id="studio_customization.order_book_ref_accou_df755c9b-8e28-4eba-ac9f-0e6c6e407653" model="ir.model.fields" context="{'studio': True}">
    <field name="complete_name" eval="False"/>
    <field name="compute" eval="False"/>
    <field name="copied" eval="True"/>
    <field name="depends" eval="False"/>
    <field name="domain">[]</field>
    <field name="field_description">Order Book Ref.</field>
    <field name="groups" eval="[(6, 0, [])]"/>
    <field name="help" eval="False"/>
    <field name="index" eval="False"/>
    <field name="model">account.invoice</field>
    <field name="model_id" ref="account.model_account_invoice"/>
    <field name="name">x_studio_SO_ref_edc</field>
    <field name="on_delete" eval="False"/>
    <field name="readonly" eval="True"/>
    <field name="related">invoice_line_ids.sale_line_ids.order_id.x_studio_sales_order</field>
    <field name="relation" eval="False"/>
    <field name="relation_field" eval="False"/>
    <field name="relation_table" eval="False"/>
    <field name="required" eval="False"/>
    <field name="selectable" eval="True"/>
    <field name="selection" eval="False"/>
    <field name="size" eval="False"/>
    <field name="state">manual</field>
    <field name="store" eval="True"/>
    <field name="track_visibility" eval="False"/>
    <field name="translate" eval="False"/>
    <field name="ttype">char</field>
  </record>
  <record id="studio_customization.new_text_purchase_or_0912aedb-18b1-41c5-b7b3-1a4f332c82b1" model="ir.model.fields" context="{'studio': True}">
    <field name="complete_name" eval="False"/>
    <field name="compute" eval="False"/>
    <field name="copied" eval="False"/>
    <field name="depends" eval="False"/>
    <field name="domain">[]</field>
    <field name="field_description">Buyer Reference</field>
    <field name="groups" eval="[(6, 0, [])]"/>
    <field name="help" eval="False"/>
    <field name="index" eval="False"/>
    <field name="model">purchase.order</field>
    <field name="model_id" ref="purchase.model_purchase_order"/>
    <field name="name">x_studio_buyer_ref</field>
    <field name="on_delete" eval="False"/>
    <field name="readonly" eval="False"/>
    <field name="related" eval="False"/>
    <field name="relation" eval="False"/>
    <field name="relation_field" eval="False"/>
    <field name="relation_table" eval="False"/>
    <field name="required" eval="False"/>
    <field name="selectable" eval="True"/>
    <field name="selection" eval="False"/>
    <field name="size" eval="False"/>
    <field name="state">manual</field>
    <field name="store" eval="True"/>
    <field name="track_visibility" eval="False"/>
    <field name="translate" eval="False"/>
    <field name="ttype">char</field>
  </record>
  <record id="studio_customization.new_text_account_tax_54a9fd1d-f1a4-4cf6-9fdc-dc1c6d6b9f6f" model="ir.model.fields" context="{'studio': True}">
    <field name="complete_name" eval="False"/>
    <field name="compute" eval="False"/>
    <field name="copied" eval="False"/>
    <field name="depends" eval="False"/>
    <field name="domain">[]</field>
    <field name="field_description">Tax Note</field>
    <field name="groups" eval="[(6, 0, [])]"/>
    <field name="help" eval="False"/>
    <field name="index" eval="False"/>
    <field name="model">account.tax</field>
    <field name="model_id" ref="account.model_account_tax"/>
    <field name="name">x_studio_tax_note</field>
    <field name="on_delete" eval="False"/>
    <field name="readonly" eval="False"/>
    <field name="related" eval="False"/>
    <field name="relation" eval="False"/>
    <field name="relation_field" eval="False"/>
    <field name="relation_table" eval="False"/>
    <field name="required" eval="False"/>
    <field name="selectable" eval="True"/>
    <field name="selection" eval="False"/>
    <field name="size" eval="False"/>
    <field name="state">manual</field>
    <field name="store" eval="True"/>
    <field name="track_visibility" eval="False"/>
    <field name="translate" eval="False"/>
    <field name="ttype">char</field>
  </record>
  <record id="studio_customization.users_purchase_order_d49c6a7e-1e5c-4058-ad22-c8f43424eafe" model="ir.model.fields" context="{'studio': True}">
    <field name="complete_name" eval="False"/>
    <field name="compute" eval="False"/>
    <field name="copied" eval="False"/>
    <field name="depends" eval="False"/>
    <field name="domain">[]</field>
    <field name="field_description">Users</field>
    <field name="groups" eval="[(6, 0, [])]"/>
    <field name="help" eval="False"/>
    <field name="index" eval="False"/>
    <field name="model">purchase.order</field>
    <field name="model_id" ref="purchase.model_purchase_order"/>
    <field name="name">x_studio_field_Tyqpn</field>
    <field name="on_delete">set null</field>
    <field name="readonly" eval="False"/>
    <field name="related" eval="False"/>
    <field name="relation">res.users</field>
    <field name="relation_field" eval="False"/>
    <field name="relation_table" eval="False"/>
    <field name="required" eval="False"/>
    <field name="selectable" eval="True"/>
    <field name="selection" eval="False"/>
    <field name="size" eval="False"/>
    <field name="state">manual</field>
    <field name="store" eval="True"/>
    <field name="track_visibility" eval="False"/>
    <field name="translate" eval="False"/>
    <field name="ttype">many2one</field>
  </record>
  <record id="studio_customization.new_related_field_pu_c8753172-4d05-46f1-a84f-3de473b99a97" model="ir.model.fields" context="{'studio': True}">
    <field name="complete_name" eval="False"/>
    <field name="compute" eval="False"/>
    <field name="copied" eval="True"/>
    <field name="depends" eval="False"/>
    <field name="domain">[]</field>
    <field name="field_description">Buyer Email</field>
    <field name="groups" eval="[(6, 0, [])]"/>
    <field name="help"><![CDATA[Set the contact email for the sales team]]></field>
    <field name="index" eval="True"/>
    <field name="model">purchase.order</field>
    <field name="model_id" ref="purchase.model_purchase_order"/>
    <field name="name">x_studio_buyer_email</field>
    <field name="on_delete" eval="False"/>
    <field name="readonly" eval="False"/>
    <field name="related">x_studio_field_Tyqpn.team_id.x_studio_team_email</field>
    <field name="relation" eval="False"/>
    <field name="relation_field" eval="False"/>
    <field name="relation_table" eval="False"/>
    <field name="required" eval="False"/>
    <field name="selectable" eval="True"/>
    <field name="selection">[['charts@binnacle.com', 'charts@binnacle.com'], ['info@binnacle.com', 'info@binnacle.com'], ['electronics@binnacle.com', 'electronics@binnacle.com'], ['store@binnacle.com', 'store@binnacle.com']]</field>
    <field name="size" eval="False"/>
    <field name="state">manual</field>
    <field name="store" eval="True"/>
    <field name="track_visibility">onchange</field>
    <field name="translate" eval="False"/>
    <field name="ttype">selection</field>
  </record>
  <record id="studio_customization.new_related_field_re_155d8e5c-9989-48c1-a740-137944730049" model="ir.model.fields" context="{'studio': True}">
    <field name="complete_name" eval="False"/>
    <field name="compute" eval="False"/>
    <field name="copied" eval="False"/>
    <field name="depends" eval="False"/>
    <field name="domain">[]</field>
    <field name="field_description">User Email</field>
    <field name="groups" eval="[(6, 0, [])]"/>
    <field name="help"><![CDATA[Set the contact email for the sales team]]></field>
    <field name="index" eval="False"/>
    <field name="model">res.users</field>
    <field name="model_id" ref="base.model_res_users"/>
    <field name="name">x_studio_user_sales_team_email</field>
    <field name="on_delete" eval="False"/>
    <field name="readonly" eval="True"/>
    <field name="related">sale_team_id.x_studio_team_email</field>
    <field name="relation" eval="False"/>
    <field name="relation_field" eval="False"/>
    <field name="relation_table" eval="False"/>
    <field name="required" eval="False"/>
    <field name="selectable" eval="True"/>
    <field name="selection">[["charts@binnacle.com","charts@binnacle.com"],["info@binnacle.com","info@binnacle.com"],["electronics@binnacle.com","electronics@binnacle.com"],["store@binnacle.com","store@binnacle.com"],["robert@binnacle.com","robert@binnacle.com"],["cshaw@binnacle.com","cshaw@binnacle.com"]]</field>
    <field name="size" eval="False"/>
    <field name="state">manual</field>
    <field name="store" eval="True"/>
    <field name="track_visibility" eval="False"/>
    <field name="translate" eval="False"/>
    <field name="ttype">selection</field>
  </record>
  <record id="studio_customization.new_related_field_pu_0137c137-a02c-424e-94d8-c22be47daca3" model="ir.model.fields" context="{'studio': True}">
    <field name="complete_name" eval="False"/>
    <field name="compute" eval="False"/>
    <field name="copied" eval="False"/>
    <field name="depends" eval="False"/>
    <field name="domain">[]</field>
    <field name="field_description">New Related Field</field>
    <field name="groups" eval="[(6, 0, [])]"/>
    <field name="help"><![CDATA[Set the contact email for the sales team]]></field>
    <field name="index" eval="False"/>
    <field name="model">purchase.order</field>
    <field name="model_id" ref="purchase.model_purchase_order"/>
    <field name="name">x_studio_field_8mwHt</field>
    <field name="on_delete" eval="False"/>
    <field name="readonly" eval="True"/>
    <field name="related">x_studio_field_Tyqpn.sale_team_id.x_studio_team_email</field>
    <field name="relation" eval="False"/>
    <field name="relation_field" eval="False"/>
    <field name="relation_table" eval="False"/>
    <field name="required" eval="False"/>
    <field name="selectable" eval="True"/>
    <field name="selection">[['charts@binnacle.com', 'charts@binnacle.com'], ['info@binnacle.com', 'info@binnacle.com'], ['electronics@binnacle.com', 'electronics@binnacle.com'], ['store@binnacle.com', 'store@binnacle.com']]</field>
    <field name="size" eval="False"/>
    <field name="state">manual</field>
    <field name="store" eval="True"/>
    <field name="track_visibility" eval="False"/>
    <field name="translate" eval="False"/>
    <field name="ttype">selection</field>
  </record>
  <record id="studio_customization.new_text_res_partner_56e26f3c-e52a-4e58-875c-eedec8b52ebf" model="ir.model.fields" context="{'studio': True}">
    <field name="complete_name" eval="False"/>
    <field name="compute" eval="False"/>
    <field name="copied" eval="False"/>
    <field name="depends" eval="False"/>
    <field name="domain">[]</field>
    <field name="field_description">Binnacle Acct #</field>
    <field name="groups" eval="[(6, 0, [])]"/>
    <field name="help" eval="False"/>
    <field name="index" eval="False"/>
    <field name="model">res.partner</field>
    <field name="model_id" ref="base.model_res_partner"/>
    <field name="name">x_studio_binnacle_acct_no</field>
    <field name="on_delete" eval="False"/>
    <field name="readonly" eval="False"/>
    <field name="related" eval="False"/>
    <field name="relation" eval="False"/>
    <field name="relation_field" eval="False"/>
    <field name="relation_table" eval="False"/>
    <field name="required" eval="False"/>
    <field name="selectable" eval="True"/>
    <field name="selection" eval="False"/>
    <field name="size" eval="False"/>
    <field name="state">manual</field>
    <field name="store" eval="True"/>
    <field name="track_visibility" eval="False"/>
    <field name="translate" eval="False"/>
    <field name="ttype">char</field>
  </record>
  <record id="studio_customization.users_res_partner_80ac5015-ec6f-427e-9e3c-1e9390047c0c" model="ir.model.fields" context="{'studio': True}">
    <field name="complete_name" eval="False"/>
    <field name="compute" eval="False"/>
    <field name="copied" eval="True"/>
    <field name="depends" eval="False"/>
    <field name="domain">[]</field>
    <field name="field_description">Buyer</field>
    <field name="groups" eval="[(6, 0, [])]"/>
    <field name="help" eval="False"/>
    <field name="index" eval="False"/>
    <field name="model">res.partner</field>
    <field name="model_id" ref="base.model_res_partner"/>
    <field name="name">x_studio_buyer_1</field>
    <field name="on_delete">set null</field>
    <field name="readonly" eval="False"/>
    <field name="related" eval="False"/>
    <field name="relation">res.users</field>
    <field name="relation_field" eval="False"/>
    <field name="relation_table" eval="False"/>
    <field name="required" eval="False"/>
    <field name="selectable" eval="True"/>
    <field name="selection" eval="False"/>
    <field name="size" eval="False"/>
    <field name="state">manual</field>
    <field name="store" eval="True"/>
    <field name="track_visibility" eval="False"/>
    <field name="translate" eval="False"/>
    <field name="ttype">many2one</field>
  </record>
  <record id="studio_customization.new_related_field_pu_dcd43695-2352-44e2-a422-ac348d2ff0d9" model="ir.model.fields" context="{'studio': True}">
    <field name="complete_name" eval="False"/>
    <field name="compute" eval="False"/>
    <field name="copied" eval="False"/>
    <field name="depends" eval="False"/>
    <field name="domain">[]</field>
    <field name="field_description">Binnacle Acct #</field>
    <field name="groups" eval="[(6, 0, [])]"/>
    <field name="help" eval="False"/>
    <field name="index" eval="False"/>
    <field name="model">purchase.order</field>
    <field name="model_id" ref="purchase.model_purchase_order"/>
    <field name="name">x_studio_binnacle_acct_no</field>
    <field name="on_delete" eval="False"/>
    <field name="readonly" eval="True"/>
    <field name="related">partner_id.x_studio_binnacle_acct_no</field>
    <field name="relation" eval="False"/>
    <field name="relation_field" eval="False"/>
    <field name="relation_table" eval="False"/>
    <field name="required" eval="False"/>
    <field name="selectable" eval="True"/>
    <field name="selection" eval="False"/>
    <field name="size" eval="False"/>
    <field name="state">manual</field>
    <field name="store" eval="True"/>
    <field name="track_visibility" eval="False"/>
    <field name="translate" eval="False"/>
    <field name="ttype">char</field>
  </record>
  <record id="studio_customization.new_related_field_re_96d64afe-6f09-452c-bc8a-09d79d4026c0" model="ir.model.fields" context="{'studio': True}">
    <field name="complete_name" eval="False"/>
    <field name="compute" eval="False"/>
    <field name="copied" eval="False"/>
    <field name="depends" eval="False"/>
    <field name="domain">[]</field>
    <field name="field_description">New Related Field</field>
    <field name="groups" eval="[(6, 0, [])]"/>
    <field name="help" eval="False"/>
    <field name="index" eval="False"/>
    <field name="model">res.partner</field>
    <field name="model_id" ref="base.model_res_partner"/>
    <field name="name">x_studio_field_3lPl6</field>
    <field name="on_delete" eval="False"/>
    <field name="readonly" eval="True"/>
    <field name="related">x_studio_buyer_1.user_ids.user_id.name</field>
    <field name="relation" eval="False"/>
    <field name="relation_field" eval="False"/>
    <field name="relation_table" eval="False"/>
    <field name="required" eval="False"/>
    <field name="selectable" eval="True"/>
    <field name="selection" eval="False"/>
    <field name="size" eval="False"/>
    <field name="state">manual</field>
    <field name="store" eval="False"/>
    <field name="track_visibility" eval="False"/>
    <field name="translate" eval="False"/>
    <field name="ttype">char</field>
  </record>
  <record id="studio_customization.buyer1_purchase_orde_957ea10d-55c8-4f63-8135-824ff36e7807" model="ir.model.fields" context="{'studio': True}">
    <field name="complete_name" eval="False"/>
    <field name="compute" eval="False"/>
    <field name="copied" eval="True"/>
    <field name="depends" eval="False"/>
    <field name="domain">[]</field>
    <field name="field_description">Buyer1</field>
    <field name="groups" eval="[(6, 0, [])]"/>
    <field name="help"><![CDATA[The internal user who produced this purchase order.]]></field>
    <field name="index" eval="True"/>
    <field name="model">purchase.order</field>
    <field name="model_id" ref="purchase.model_purchase_order"/>
    <field name="name">x_buyer_1</field>
    <field name="on_delete">set null</field>
    <field name="readonly" eval="False"/>
    <field name="related" eval="False"/>
    <field name="relation">res.users</field>
    <field name="relation_field" eval="False"/>
    <field name="relation_table" eval="False"/>
    <field name="required" eval="False"/>
    <field name="selectable" eval="True"/>
    <field name="selection" eval="False"/>
    <field name="size" eval="False"/>
    <field name="state">manual</field>
    <field name="store" eval="True"/>
    <field name="track_visibility">onchange</field>
    <field name="translate" eval="False"/>
    <field name="ttype">many2one</field>
  </record>
  <record id="studio_customization.buyer2_purchase_orde_92f134b5-13dc-43a8-a663-1f4a57a241a6" model="ir.model.fields" context="{'studio': True}">
    <field name="complete_name" eval="False"/>
    <field name="compute" eval="False"/>
    <field name="copied" eval="False"/>
    <field name="depends" eval="False"/>
    <field name="domain">[]</field>
    <field name="field_description">Buyer</field>
    <field name="groups" eval="[(6, 0, [])]"/>
    <field name="help"><![CDATA[The internal user in charge of this contact.]]></field>
    <field name="index" eval="True"/>
    <field name="model">purchase.order</field>
    <field name="model_id" ref="purchase.model_purchase_order"/>
    <field name="name">x_studio_buyer_1</field>
    <field name="on_delete">set null</field>
    <field name="readonly" eval="False"/>
    <field name="related">partner_id.user_id</field>
    <field name="relation">res.users</field>
    <field name="relation_field" eval="False"/>
    <field name="relation_table" eval="False"/>
    <field name="required" eval="False"/>
    <field name="selectable" eval="True"/>
    <field name="selection" eval="False"/>
    <field name="size" eval="False"/>
    <field name="state">manual</field>
    <field name="store" eval="True"/>
    <field name="track_visibility">onchange</field>
    <field name="translate" eval="False"/>
    <field name="ttype">many2one</field>
  </record>
  <record id="studio_customization.new_related_field_pu_a6e1048b-de91-4cc7-8d32-b9498525b3a7" model="ir.model.fields" context="{'studio': True}">
    <field name="complete_name" eval="False"/>
    <field name="compute" eval="False"/>
    <field name="copied" eval="True"/>
    <field name="depends" eval="False"/>
    <field name="domain">[]</field>
    <field name="field_description">Buyer Email</field>
    <field name="groups" eval="[(6, 0, [])]"/>
    <field name="help"><![CDATA[Set the contact email for the sales team]]></field>
    <field name="index" eval="True"/>
    <field name="model">purchase.order</field>
    <field name="model_id" ref="purchase.model_purchase_order"/>
    <field name="name">x_studio_buyer_email_1</field>
    <field name="on_delete" eval="False"/>
    <field name="readonly" eval="False"/>
    <field name="related">user_id.x_studio_user_sales_team_email</field>
    <field name="relation" eval="False"/>
    <field name="relation_field" eval="False"/>
    <field name="relation_table" eval="False"/>
    <field name="required" eval="False"/>
    <field name="selectable" eval="True"/>
    <field name="selection">[['charts@binnacle.com', 'charts@binnacle.com'], ['info@binnacle.com', 'info@binnacle.com'], ['electronics@binnacle.com', 'electronics@binnacle.com'], ['store@binnacle.com', 'store@binnacle.com']]</field>
    <field name="size" eval="False"/>
    <field name="state">manual</field>
    <field name="store" eval="True"/>
    <field name="track_visibility">onchange</field>
    <field name="translate" eval="False"/>
    <field name="ttype">selection</field>
  </record>
  <record id="studio_customization.sale_order_product_t_a9e0bb1d-1e9c-4f30-859f-bd22d8a2e535" model="ir.model.fields" context="{'studio': True}">
    <field name="complete_name" eval="False"/>
    <field name="compute" eval="False"/>
    <field name="copied" eval="False"/>
    <field name="depends" eval="False"/>
    <field name="domain">[]</field>
    <field name="field_description">Sale Order</field>
    <field name="groups" eval="[(6, 0, [])]"/>
    <field name="help" eval="False"/>
    <field name="index" eval="False"/>
    <field name="model">product.template</field>
    <field name="model_id" ref="product.model_product_template"/>
    <field name="name">x_studio_sale_history</field>
    <field name="on_delete">set null</field>
    <field name="readonly" eval="False"/>
    <field name="related" eval="False"/>
    <field name="relation">sale.order</field>
    <field name="relation_field" eval="False"/>
    <field name="relation_table" eval="False"/>
    <field name="required" eval="False"/>
    <field name="selectable" eval="True"/>
    <field name="selection" eval="False"/>
    <field name="size" eval="False"/>
    <field name="state">manual</field>
    <field name="store" eval="True"/>
    <field name="track_visibility" eval="False"/>
    <field name="translate" eval="False"/>
    <field name="ttype">many2one</field>
  </record>
</odoo>
