<?xml version='1.0' encoding='UTF-8'?>
<odoo>
  <record id="stock.menu_product_variant_config_stock" model="ir.ui.menu" context="{'studio': True}">
    <field name="action" ref="stock.product_template_action_product"/>
    <field name="active" eval="True"/>
    <field name="groups_id" eval="[(6, 0, [])]"/>
    <field name="name">Products</field>
    <field name="parent_id" ref="stock.menu_stock_inventory_control"/>
    <field name="sequence" eval="False"/>
    <field name="web_icon" eval="False"/>
  </record>
  <record id="studio_customization.inventory_inventory__93cd9a42-5233-44ce-ad96-a49521545b27" model="ir.ui.menu" context="{'studio': True}">
    <field name="action" ref="studio_customization.inventory_quantity_59793985-38a2-48a8-8f5e-de8a2a2bc967"/>
    <field name="active" eval="False"/>
    <field name="groups_id" eval="[(6, 0, [])]"/>
    <field name="name">Inventory Quantity</field>
    <field name="parent_id" ref="stock.menu_stock_warehouse_mgmt"/>
    <field name="sequence">2</field>
    <field name="web_icon" eval="False"/>
  </record>
  <record id="studio_customization.inventory_quantity_u_0c1c917d-44ef-4432-9218-6192ff2b6ea8" model="ir.ui.menu" context="{'studio': True}">
    <field name="action" ref="studio_customization.quantity_update_d37b3ad3-c4fb-4f6e-a213-eee3ba7b0c03"/>
    <field name="active" eval="True"/>
    <field name="groups_id" eval="[(6, 0, [])]"/>
    <field name="name">Quantity Update</field>
    <field name="parent_id" ref="stock.menu_stock_warehouse_mgmt"/>
    <field name="sequence">2</field>
    <field name="web_icon" eval="False"/>
  </record>
  <record id="studio_customization.inventory_product_pr_665d2296-28fc-464a-a1c4-f8bacde29cac" model="ir.ui.menu" context="{'studio': True}">
    <field name="action" ref="studio_customization.product_product_81d3ba50-db4a-43a2-a042-79bf728835d8"/>
    <field name="active" eval="False"/>
    <field name="groups_id" eval="[(6, 0, [])]"/>
    <field name="name">Product.Product</field>
    <field name="parent_id" ref="stock.menu_stock_inventory_control"/>
    <field name="sequence">4</field>
    <field name="web_icon" eval="False"/>
  </record>
  <record id="studio_customization.inventory_quants_cb07cf98-5caa-4357-8d9e-10fdea95523e" model="ir.ui.menu" context="{'studio': True}">
    <field name="action" ref="studio_customization.quants_45cbad62-0831-44a4-b366-0f4c63f11a11"/>
    <field name="active" eval="False"/>
    <field name="groups_id" eval="[(6, 0, [])]"/>
    <field name="name">Quants</field>
    <field name="parent_id" ref="stock.menu_stock_root"/>
    <field name="sequence">10</field>
    <field name="web_icon" eval="False"/>
  </record>
  <record id="studio_customization.inventory_product_pr_e68015ec-52e1-4b21-b4af-f448c585aa06" model="ir.ui.menu" context="{'studio': True}">
    <field name="action" ref="studio_customization.product_product_99648074-d8d7-4a80-9f0d-e64cec2575a4"/>
    <field name="active" eval="True"/>
    <field name="groups_id" eval="[(6, 0, [])]"/>
    <field name="name">Product.Product</field>
    <field name="parent_id" ref="stock.menu_stock_inventory_control"/>
    <field name="sequence">3</field>
    <field name="web_icon" eval="False"/>
  </record>
</odoo>
